Team,NAME,Jersey,POS,AGE,HT,WT,COLLEGE,SALARY
Atlanta Hawks,Saddiq Bey,41,SF,24,"6' 7""",215 lbs,Villanova,"$4,556,983"
Atlanta Hawks,Bogdan Bogdanovic,13,SG,31,"6' 5""",225 lbs,--,"$18,700,000"
Atlanta Hawks,Kobe Bufkin,NA,G,20,"6' 4""",195 lbs,Michigan,"$4,094,280"
Atlanta Hawks,Clint Capela,15,C,29,"6' 10""",256 lbs,--,"$20,616,000"
Atlanta Hawks,Bruno Fernando,0,PF,25,"6' 10""",240 lbs,Maryland,"$2,581,522"
Atlanta Hawks,Trent Forrest,2,G,25,"6' 4""",210 lbs,Florida State,--
Atlanta Hawks,AJ Griffin,14,F,20,"6' 6""",222 lbs,Duke,"$3,712,920"
Atlanta Hawks,Mouhamed Gueye,NA,F,20,"6' 11""",210 lbs,Washington State,"$1,119,563"
Atlanta Hawks,De'Andre Hunter,12,SF,25,"6' 8""",221 lbs,Virginia,"$20,089,286"
Atlanta Hawks,Jalen Johnson,1,SF,21,"6' 8""",219 lbs,Duke,"$2,925,360"
Atlanta Hawks,Jarkel Joiner,NA,G,24,"6' 1""",180 lbs,NC State,--
Atlanta Hawks,Seth Lundy,NA,G,23,"6' 6""",220 lbs,Penn State,--
Atlanta Hawks,Garrison Mathews,25,SG,26,"6' 6""",215 lbs,Lipscomb,"$2,000,000"
Atlanta Hawks,Wesley Matthews,23,SG,36,"6' 4""",220 lbs,Marquette,"$2,019,706"
Atlanta Hawks,Patty Mills,8,PG,35,"6' 0""",180 lbs,Saint Mary's,"$6,802,950"
Atlanta Hawks,Dejounte Murray,5,SG,27,"6' 5""",180 lbs,Washington,"$18,214,000"
Atlanta Hawks,Miles Norris,NA,F,23,"6' 10""",220 lbs,UC Santa Barbara,--
Atlanta Hawks,Onyeka Okongwu,17,PF,22,"6' 9""",240 lbs,USC,"$8,109,063"
Atlanta Hawks,Keaton Wallace,NA,G,24,"6' 3""",185 lbs,UTSA,--
Atlanta Hawks,Trae Young,11,PG,25,"6' 1""",164 lbs,Oklahoma,"$40,064,220"
Boston Celtics,Dalano Banton,NA,G,23,"6' 7""",204 lbs,Nebraska,"$2,019,706"
Boston Celtics,Oshae Brissett,12,SF,25,"6' 7""",210 lbs,Syracuse,"$2,165,000"
Boston Celtics,Malcolm Brogdon,13,PG,30,"6' 4""",229 lbs,Virginia,"$22,500,000"
Boston Celtics,Jaylen Brown,7,SG,26,"6' 6""",223 lbs,California,"$31,830,357"
Boston Celtics,Justin Champagnie,99,SF,22,"6' 6""",206 lbs,Pittsburgh,--
Boston Celtics,JD Davison,20,SG,20,"6' 1""",195 lbs,Alabama,--
Boston Celtics,Blake Griffin,91,PF,34,"6' 9""",250 lbs,Oklahoma,--
Boston Celtics,Sam Hauser,30,SF,25,"6' 7""",217 lbs,Virginia,"$1,927,896"
Boston Celtics,Al Horford,42,C,37,"6' 9""",240 lbs,Florida,"$10,000,000"
Boston Celtics,Luke Kornet,40,C,28,"7' 2""",250 lbs,Vanderbilt,"$2,413,304"
Boston Celtics,Svi Mykhailiuk,NA,SG,26,"6' 7""",205 lbs,Kansas,"$2,019,706"
Boston Celtics,Kristaps Porzingis,NA,C,28,"7' 3""",240 lbs,--,"$36,016,200"
Boston Celtics,Payton Pritchard,11,PG,25,"6' 1""",195 lbs,Oregon,"$4,037,278"
Boston Celtics,Neemias Queta,NA,C,24,"7' 0""",245 lbs,Utah State,"$2,019,706"
Boston Celtics,Jayson Tatum,0,SF,25,"6' 8""",210 lbs,Duke,"$32,600,060"
Boston Celtics,Jordan Walsh,NA,G,19,"6' 7""",205 lbs,Arkansas,"$1,119,563"
Boston Celtics,Derrick White,9,PG,29,"6' 4""",190 lbs,Colorado,"$18,357,143"
Boston Celtics,Robert Williams III,44,C,25,"6' 9""",237 lbs,Texas A&M,"$11,571,429"
Brooklyn Nets,Darius Bazley,NA,PF,23,"6' 9""",216 lbs,--,"$2,019,706"
Brooklyn Nets,Mikal Bridges,1,SF,27,"6' 6""",209 lbs,Villanova,"$21,700,000"
Brooklyn Nets,Nic Claxton,33,C,24,"6' 11""",215 lbs,Georgia,"$9,625,000"
Brooklyn Nets,Noah Clowney,NA,F,19,"6' 10""",210 lbs,Alabama,"$3,089,520"
Brooklyn Nets,Spencer Dinwiddie,26,PG,30,"6' 6""",215 lbs,Colorado,"$20,357,143"
Brooklyn Nets,Dorian Finney-Smith,28,PF,30,"6' 7""",220 lbs,Florida,"$13,932,008"
Brooklyn Nets,Cameron Johnson,2,SF,27,"6' 8""",210 lbs,North Carolina,"$25,679,348"
Brooklyn Nets,Royce O'Neale,00,PF,30,"6' 6""",226 lbs,Baylor,"$9,500,000"
Brooklyn Nets,Day'Ron Sharpe,20,C,21,"6' 9""",265 lbs,North Carolina,"$2,210,040"
Brooklyn Nets,Ben Simmons,10,PG,27,"6' 10""",240 lbs,LSU,"$37,893,408"
Brooklyn Nets,Dennis Smith Jr.,NA,PG,25,"6' 2""",205 lbs,NC State,"$2,019,706"
Brooklyn Nets,Cam Thomas,24,SG,21,"6' 3""",210 lbs,LSU,"$2,240,160"
Brooklyn Nets,Lonnie Walker IV,NA,G,24,"6' 4""",204 lbs,Miami,"$2,019,706"
Brooklyn Nets,Dariq Whitehead,NA,F,19,"6' 7""",220 lbs,Duke,"$2,966,040"
Brooklyn Nets,Jalen Wilson,NA,F,22,"6' 8""",225 lbs,Kansas,--
Charlotte Hornets,Angelo Allegri,16,F,24,"6' 7""",215 lbs,Eastern Washington,--
Charlotte Hornets,Amari Bailey,NA,G,19,"6' 5""",185 lbs,UCLA,--
Charlotte Hornets,LaMelo Ball,1,PG,22,"6' 7""",180 lbs,--,"$10,900,635"
Charlotte Hornets,Leaky Black,NA,F,24,"6' 9""",205 lbs,North Carolina,--
Charlotte Hornets,James Bouknight,2,SG,23,"6' 4""",190 lbs,UConn,"$4,570,080"
Charlotte Hornets,Miles Bridges,0,SF,25,"6' 7""",225 lbs,Michigan State,"$7,921,301"
Charlotte Hornets,Gordon Hayward,20,SF,33,"6' 7""",225 lbs,Butler,"$31,500,000"
Charlotte Hornets,Kai Jones,23,PF,22,"6' 11""",221 lbs,Texas,"$3,047,880"
Charlotte Hornets,Theo Maledon,9,PG,22,"6' 5""",175 lbs,--,--
Charlotte Hornets,Cody Martin,11,SF,27,"6' 6""",205 lbs,Nevada,"$7,560,000"
Charlotte Hornets,Bryce McGowens,7,G,20,"6' 6""",175 lbs,Nebraska,"$1,719,865"
Charlotte Hornets,Nathan Mensah,31,C,25,"6' 10""",230 lbs,San Diego State,--
Charlotte Hornets,Brandon Miller,NA,F,20,"6' 9""",200 lbs,Alabama,"$10,880,400"
Charlotte Hornets,James Nnaji,NA,C,19,"6' 11""",250 lbs,--,--
Charlotte Hornets,Frank Ntilikina,NA,PG,25,"6' 4""",200 lbs,--,"$2,019,706"
Charlotte Hornets,Kelly Oubre Jr.,12,SG,27,"6' 6""",203 lbs,Kansas,--
Charlotte Hornets,Nick Richards,4,C,25,"7' 0""",245 lbs,Kentucky,"$5,000,000"
Charlotte Hornets,Terry Rozier,3,SG,29,"6' 1""",190 lbs,Louisville,"$22,205,221"
Charlotte Hornets,Trevon Scott,18,F,26,"6' 8""",225 lbs,Cincinnati,--
Charlotte Hornets,Jaylen Sims,30,G,24,"6' 6""",210 lbs,UNC Wilmington,--
Charlotte Hornets,Nick Smith Jr.,NA,G,19,"6' 4""",170 lbs,Arkansas,"$2,463,960"
Charlotte Hornets,JT Thor,21,F,21,"6' 9""",203 lbs,Auburn,"$1,836,096"
Charlotte Hornets,P.J. Washington,25,PF,25,"6' 7""",230 lbs,Kentucky,"$16,847,826"
Charlotte Hornets,Mark Williams,5,C,21,"7' 0""",240 lbs,Duke,"$3,908,160"
Chicago Bulls,Lonzo Ball,2,PG,25,"6' 6""",190 lbs,UCLA,"$20,465,117"
Chicago Bulls,Jevon Carter,NA,PG,28,"6' 1""",200 lbs,West Virginia,"$6,190,476"
Chicago Bulls,Alex Caruso,6,SG,29,"6' 5""",186 lbs,Texas A&M,"$9,460,000"
Chicago Bulls,Torrey Craig,0,SF,32,"6' 7""",221 lbs,South Carolina Upstate,"$2,528,233"
Chicago Bulls,DeMar DeRozan,11,SF,34,"6' 6""",220 lbs,USC,"$28,600,000"
Chicago Bulls,Ayo Dosunmu,12,SG,23,"6' 5""",200 lbs,Illinois,"$6,481,481"
Chicago Bulls,Andre Drummond,3,C,30,"6' 11""",279 lbs,UConn,"$3,360,000"
Chicago Bulls,Javonte Green,24,SF,30,"6' 5""",205 lbs,Radford,--
Chicago Bulls,Carlik Jones,22,G,25,"6' 0""",174 lbs,Louisville,"$1,922,896"
Chicago Bulls,Zach LaVine,8,SG,28,"6' 5""",200 lbs,UCLA,"$40,064,220"
Chicago Bulls,Justin Lewis,34,F,21,"6' 7""",245 lbs,Marquette,--
Chicago Bulls,Julian Phillips,NA,F,19,"6' 8""",197 lbs,Tennessee,"$1,600,000"
Chicago Bulls,Marko Simonovic,19,C,23,"7' 0""",220 lbs,--,"$1,836,096"
Chicago Bulls,Terry Taylor,32,F,23,"6' 4""",230 lbs,Austin Peay,"$2,019,706"
Chicago Bulls,Dalen Terry,25,F,21,"6' 7""",200 lbs,Arizona,"$3,350,760"
Chicago Bulls,Nikola Vucevic,9,C,32,"6' 10""",260 lbs,USC,"$18,518,519"
Chicago Bulls,Coby White,0,PG,23,"6' 5""",195 lbs,North Carolina,"$11,111,111"
Chicago Bulls,Patrick Williams,44,PF,22,"6' 7""",215 lbs,Florida State,"$9,835,881"
Cleveland Cavaliers,Jarrett Allen,31,C,25,"6' 9""",243 lbs,Texas,"$20,000,000"
Cleveland Cavaliers,Emoni Bates,21,F,19,"6' 10""",170 lbs,Eastern Michigan,--
Cleveland Cavaliers,Sharife Cooper,2,PG,22,"6' 1""",176 lbs,Auburn,--
Cleveland Cavaliers,Mamadi Diakite,21,F,26,"6' 9""",228 lbs,Virginia,--
Cleveland Cavaliers,Darius Garland,10,PG,23,"6' 1""",192 lbs,Vanderbilt,"$34,005,250"
Cleveland Cavaliers,Ty Jerome,NA,SG,26,"6' 5""",195 lbs,Virginia,"$2,439,025"
Cleveland Cavaliers,Damian Jones,15,C,28,"6' 11""",245 lbs,Vanderbilt,"$2,586,665"
Cleveland Cavaliers,Caris LeVert,3,SG,29,"6' 6""",205 lbs,Michigan,"$15,384,616"
Cleveland Cavaliers,Sam Merrill,20,SG,27,"6' 4""",205 lbs,Utah State,"$1,997,238"
Cleveland Cavaliers,Donovan Mitchell,45,SG,27,"6' 1""",215 lbs,Louisville,"$33,162,030"
Cleveland Cavaliers,Evan Mobley,4,PF,22,"6' 11""",215 lbs,USC,"$8,882,760"
Cleveland Cavaliers,Isaiah Mobley,15,F,23,"6' 8""",238 lbs,USC,--
Cleveland Cavaliers,Pete Nance,48,F,23,"6' 11""",230 lbs,North Carolina,--
Cleveland Cavaliers,Raul Neto,19,PG,31,"6' 2""",180 lbs,--,--
Cleveland Cavaliers,Georges Niang,NA,SF,30,"6' 7""",230 lbs,Iowa State,"$8,800,000"
Cleveland Cavaliers,Isaac Okoro,35,SF,22,"6' 5""",225 lbs,Auburn,"$8,920,795"
Cleveland Cavaliers,Craig Porter Jr.,40,G,23,"6' 2""",186 lbs,Wichita State,--
Cleveland Cavaliers,Justin Powell,NA,G,--,"6' 6""",197 lbs,Washington State,--
Cleveland Cavaliers,Ricky Rubio,13,PG,32,"6' 2""",190 lbs,--,"$6,146,342"
Cleveland Cavaliers,Max Strus,31,SG,27,"6' 5""",215 lbs,DePaul,"$14,487,684"
Cleveland Cavaliers,Tristan Thompson,13,C,32,"6' 9""",254 lbs,Texas,--
Cleveland Cavaliers,Dean Wade,32,PF,26,"6' 9""",228 lbs,Kansas State,"$5,709,877"
Dallas Mavericks,Greg Brown III,36,PF,22,"6' 8""",217 lbs,Texas,--
Dallas Mavericks,Seth Curry,30,SG,33,"6' 1""",190 lbs,Duke,"$4,000,000"
Dallas Mavericks,Dexter Dennis,38,G,24,"6' 5""",210 lbs,Texas A&M,--
Dallas Mavericks,Luka Doncic,77,PG,24,"6' 7""",230 lbs,--,"$40,064,220"
Dallas Mavericks,Dante Exum,0,G,28,"6' 5""",214 lbs,--,"$2,019,760"
Dallas Mavericks,Josh Green,8,SG,22,"6' 6""",210 lbs,Arizona,"$4,765,339"
Dallas Mavericks,Tim Hardaway Jr.,10,SF,31,"6' 5""",205 lbs,Michigan,"$17,897,728"
Dallas Mavericks,Jaden Hardy,1,G,21,"6' 4""",198 lbs,--,"$1,719,864"
Dallas Mavericks,Richaun Holmes,20,F,29,"6' 10""",240 lbs,Bowling Green,"$12,046,020"
Dallas Mavericks,Kyrie Irving,11,PG,31,"6' 2""",191 lbs,Duke,"$37,037,037"
Dallas Mavericks,Derrick Jones Jr.,55,SF,26,"6' 6""",210 lbs,UNLV,"$2,019,706"
Dallas Mavericks,Maxi Kleber,42,PF,31,"6' 10""",240 lbs,--,"$11,000,000"
Dallas Mavericks,A.J. Lawson,9,G,23,"6' 6""",185 lbs,South Carolina,--
Dallas Mavericks,Dereck Lively II,2,C,19,"7' 1""",234 lbs,Duke,"$4,775,640"
Dallas Mavericks,Mike Miles Jr.,14,G,21,"6' 2""",205 lbs,TCU,--
Dallas Mavericks,Markieff Morris,88,PF,34,"6' 9""",245 lbs,Kansas,--
Dallas Mavericks,Dwight Powell,7,C,32,"6' 10""",240 lbs,Stanford,"$4,000,000"
Dallas Mavericks,Olivier-Maxence Prosper,18,F,21,"6' 8""",215 lbs,Marquette,"$2,733,360"
Dallas Mavericks,Jordan Walker,16,SG,24,"5' 11""",170 lbs,UAB,--
Dallas Mavericks,Joe Wieskamp,37,SF,24,"6' 6""",205 lbs,Iowa,"$1,927,896"
Dallas Mavericks,Grant Williams,3,PF,24,"6' 6""",236 lbs,Tennessee,"$12,325,581"
Denver Nuggets,Christian Braun,0,G,22,"6' 6""",220 lbs,Kansas,"$2,949,120"
Denver Nuggets,Kentavious Caldwell-Pope,5,SG,30,"6' 5""",204 lbs,Georgia,"$14,704,938"
Denver Nuggets,Vlatko Cancar,31,SF,26,"6' 8""",236 lbs,--,"$2,234,359"
Denver Nuggets,Collin Gillespie,21,G,24,"6' 3""",190 lbs,Villanova,--
Denver Nuggets,Aaron Gordon,50,PF,28,"6' 8""",235 lbs,Arizona,"$22,266,182"
Denver Nuggets,Justin Holiday,0,SF,34,"6' 6""",180 lbs,Washington,"$2,019,706"
Denver Nuggets,Jay Huff,NA,C,25,"7' 1""",240 lbs,Virginia,--
Denver Nuggets,Reggie Jackson,7,PG,33,"6' 2""",208 lbs,Boston College,"$5,000,000"
Denver Nuggets,Nikola Jokic,15,C,28,"6' 11""",284 lbs,--,"$47,607,350"
Denver Nuggets,DeAndre Jordan,6,C,35,"6' 11""",265 lbs,Texas A&M,"$2,019,706"
Denver Nuggets,Braxton Key,NA,F,26,"6' 8""",225 lbs,Virginia,--
Denver Nuggets,Jamal Murray,27,PG,26,"6' 4""",215 lbs,Kentucky,"$33,833,400"
Denver Nuggets,Zeke Nnaji,22,PF,22,"6' 9""",240 lbs,Arizona,"$4,306,281"
Denver Nuggets,Jalen Pickett,NA,G,23,"6' 4""",202 lbs,Siena,"$2,019,706"
Denver Nuggets,Michael Porter Jr.,1,SF,25,"6' 10""",218 lbs,Missouri,"$33,386,850"
Denver Nuggets,Ish Smith,14,PG,35,"6' 0""",175 lbs,Wake Forest,--
Denver Nuggets,Julian Strawther,NA,G,21,"6' 7""",205 lbs,Gonzaga,"$2,431,080"
Denver Nuggets,Hunter Tyson,NA,F,23,"6' 8""",215 lbs,Clemson,"$1,119,563"
Denver Nuggets,Peyton Watson,8,F,21,"6' 8""",200 lbs,UCLA,"$2,303,520"
Detroit Pistons,Marvin Bagley III,35,PF,24,"6' 10""",235 lbs,Duke,"$12,500,000"
Detroit Pistons,Buddy Boeheim,27,F,23,"6' 6""",205 lbs,Syracuse,--
Detroit Pistons,Bojan Bogdanovic,44,SF,34,"6' 7""",226 lbs,--,"$20,000,000"
Detroit Pistons,Alec Burks,5,SG,32,"6' 6""",214 lbs,Colorado,"$10,489,600"
Detroit Pistons,Malcolm Cazalon,20,G,--,"6' 6""",185 lbs,--,--
Detroit Pistons,Cade Cunningham,2,PG,21,"6' 7""",220 lbs,Oklahoma State,"$11,055,240"
Detroit Pistons,Hamidou Diallo,6,SG,25,"6' 5""",202 lbs,Kentucky,--
Detroit Pistons,Jalen Duren,0,C,19,"6' 11""",250 lbs,Memphis,"$4,330,680"
Detroit Pistons,Joe Harris,12,SF,32,"6' 6""",220 lbs,Virginia,"$19,928,571"
Detroit Pistons,Killian Hayes,7,PG,22,"6' 5""",195 lbs,--,"$7,413,955"
Detroit Pistons,Jaden Ivey,23,PG,21,"6' 4""",195 lbs,Purdue,"$7,641,480"
Detroit Pistons,Isaiah Livers,12,PF,25,"6' 6""",232 lbs,Michigan,"$1,836,096"
Detroit Pistons,Rodney McGruder,17,G,32,"6' 4""",205 lbs,Kansas State,--
Detroit Pistons,Monte Morris,22,PG,28,"6' 2""",183 lbs,Iowa State,"$9,800,926"
Detroit Pistons,Jared Rhoden,8,G,24,"6' 6""",210 lbs,Seton Hall,--
Detroit Pistons,Marcus Sasser,NA,G,23,"6' 2""",195 lbs,Houston,"$2,623,680"
Detroit Pistons,Isaiah Stewart,28,C,22,"6' 8""",250 lbs,Washington,"$5,266,713"
Detroit Pistons,Ausar Thompson,NA,F,20,"6' 7""",190 lbs,--,"$7,977,480"
Detroit Pistons,James Wiseman,13,C,22,"7' 0""",240 lbs,Memphis,"$12,119,400"
Golden State Warriors,Stephen Curry,30,PG,35,"6' 2""",185 lbs,Davidson,"$51,915,615"
Golden State Warriors,Draymond Green,23,PF,33,"6' 6""",230 lbs,Michigan State,"$22,321,429"
Golden State Warriors,JaMychal Green,1,F,33,"6' 9""",227 lbs,Alabama,--
Golden State Warriors,Andre Iguodala,9,F,39,"6' 6""",215 lbs,Arizona,--
Golden State Warriors,Trayce Jackson-Davis,NA,F,23,"6' 9""",245 lbs,Indiana,"$1,119,563"
Golden State Warriors,Cory Joseph,18,PG,32,"6' 3""",200 lbs,Texas,"$2,019,706"
Golden State Warriors,Jonathan Kuminga,00,PF,20,"6' 7""",225 lbs,--,"$6,012,840"
Golden State Warriors,Anthony Lamb,40,F,25,"6' 6""",227 lbs,Vermont,--
Golden State Warriors,Kevon Looney,5,F,27,"6' 9""",222 lbs,UCLA,"$7,500,000"
Golden State Warriors,Moses Moody,4,SG,21,"6' 5""",211 lbs,Arkansas,"$3,918,480"
Golden State Warriors,Chris Paul,NA,PG,38,"6' 0""",175 lbs,Wake Forest,"$30,800,000"
Golden State Warriors,Gary Payton II,8,SG,30,"6' 2""",195 lbs,Oregon State,"$8,715,000"
Golden State Warriors,Brandin Podziemski,NA,G,20,"6' 4""",203 lbs,Santa Clara,"$3,352,440"
Golden State Warriors,Lester Quinones,25,G,22,"6' 5""",205 lbs,Memphis,--
Golden State Warriors,Dario Saric,9,PF,29,"6' 10""",225 lbs,--,"$2,019,706"
Golden State Warriors,Klay Thompson,11,SG,33,"6' 6""",220 lbs,Washington State,"$43,219,440"
Golden State Warriors,Andrew Wiggins,22,SF,28,"6' 7""",197 lbs,Kansas,"$24,330,357"
Houston Rockets,D.J. Augustin,4,G,35,"5' 11""",183 lbs,Texas,--
Houston Rockets,Dillon Brooks,NA,SF,27,"6' 7""",225 lbs,Oregon,"$22,627,671"
Houston Rockets,Willie Cauley-Stein,2,C,30,"7' 0""",240 lbs,Kentucky,--
Houston Rockets,Darius Days,5,F,23,"6' 7""",245 lbs,LSU,--
Houston Rockets,Tari Eason,17,F,22,"6' 8""",215 lbs,LSU,"$3,527,160"
Houston Rockets,Jalen Green,4,SG,21,"6' 4""",186 lbs,--,"$9,891,480"
Houston Rockets,Jeff Green,32,PF,37,"6' 8""",235 lbs,Georgetown,"$9,600,000"
Houston Rockets,Aaron Holiday,NA,G,26,"6' 0""",185 lbs,UCLA,"$2,019,706"
Houston Rockets,Trevor Hudgins,12,G,24,"6' 0""",180 lbs,Northwest Missouri State,--
Houston Rockets,Frank Kaminsky,33,PF,30,"7' 0""",240 lbs,Wisconsin,--
Houston Rockets,Jock Landale,NA,C,27,"6' 11""",255 lbs,Saint Mary's,"$8,000,000"
Houston Rockets,Boban Marjanovic,51,C,35,"7' 4""",290 lbs,--,"$2,019,706"
Houston Rockets,Kevin Porter Jr.,3,SG,23,"6' 4""",203 lbs,USC,"$15,860,000"
Houston Rockets,Alperen Sengun,28,C,21,"6' 11""",243 lbs,--,"$3,536,280"
Houston Rockets,Jabari Smith Jr.,1,PF,20,"6' 11""",220 lbs,Auburn,"$9,326,520"
Houston Rockets,Jae'Sean Tate,8,SF,27,"6' 5""",230 lbs,Ohio State,"$6,500,000"
Houston Rockets,Amen Thompson,NA,F,20,"6' 7""",214 lbs,--,"$8,809,320"
Houston Rockets,Fred VanVleet,NA,SG,29,"6' 0""",197 lbs,Wichita State,"$40,806,300"
Houston Rockets,Cam Whitmore,NA,F,19,"6' 7""",232 lbs,Villanova,"$3,218,160"
Indiana Pacers,Bruce Brown,NA,SF,27,"6' 4""",202 lbs,Miami,"$22,000,000"
Indiana Pacers,Kendall Brown,10,SG,20,"6' 8""",205 lbs,Baylor,--
Indiana Pacers,Tyrese Haliburton,0,PG,23,"6' 5""",185 lbs,Iowa State,"$5,808,435"
Indiana Pacers,Buddy Hield,24,SG,30,"6' 4""",220 lbs,Oklahoma,"$19,279,841"
Indiana Pacers,George Hill,7,PG,37,"6' 4""",188 lbs,IUPUI,--
Indiana Pacers,Serge Ibaka,NA,F,34,"6' 10""",235 lbs,--,--
Indiana Pacers,Isaiah Jackson,22,SF,21,"6' 10""",206 lbs,Kentucky,"$2,696,280"
Indiana Pacers,James Johnson,16,PF,36,"6' 7""",240 lbs,Wake Forest,--
Indiana Pacers,Bennedict Mathurin,00,SG,21,"6' 6""",195 lbs,Arizona,"$6,916,080"
Indiana Pacers,T.J. McConnell,9,PG,31,"6' 1""",190 lbs,Arizona,"$8,700,000"
Indiana Pacers,Andrew Nembhard,2,PG,23,"6' 5""",193 lbs,Gonzaga,"$2,131,905"
Indiana Pacers,Aaron Nesmith,23,SF,23,"6' 5""",215 lbs,Vanderbilt,"$5,634,257"
Indiana Pacers,Jordan Nwora,13,SF,25,"6' 8""",225 lbs,Louisville,"$3,000,000"
Indiana Pacers,Ben Sheppard,NA,G,22,"6' 6""",190 lbs,Belmont,"$2,537,160"
Indiana Pacers,Jalen Smith,25,PF,23,"6' 9""",215 lbs,Maryland,"$5,604,192"
Indiana Pacers,Daniel Theis,27,C,31,"6' 8""",245 lbs,--,"$9,108,387"
Indiana Pacers,Obi Toppin,1,PF,25,"6' 9""",220 lbs,Dayton,"$6,803,012"
Indiana Pacers,Myles Turner,33,C,27,"6' 11""",250 lbs,Texas,"$20,975,000"
Indiana Pacers,Jarace Walker,NA,F,20,"6' 8""",240 lbs,Houston,"$6,059,520"
Indiana Pacers,Isaiah Wong,NA,G,22,"6' 4""",184 lbs,Miami,--
Indiana Pacers,Gabe York,32,G,30,"6' 3""",190 lbs,Arizona,--
LA Clippers,Nicolas Batum,33,PF,34,"6' 8""",230 lbs,--,"$11,710,818"
LA Clippers,Brandon Boston Jr.,4,SG,21,"6' 6""",188 lbs,Kentucky,"$1,836,096"
LA Clippers,Kobe Brown,NA,G,23,"6' 8""",250 lbs,Missouri,"$2,413,320"
LA Clippers,Amir Coffey,7,SG,26,"6' 7""",210 lbs,Minnesota,"$3,666,667"
LA Clippers,Robert Covington,23,PF,32,"6' 7""",209 lbs,Tennessee State,"$11,692,308"
LA Clippers,Moussa Diabate,25,F,21,"6' 11""",210 lbs,Michigan,--
LA Clippers,Paul George,13,F,33,"6' 8""",220 lbs,Fresno State,"$45,640,084"
LA Clippers,Bones Hyland,5,PG,23,"6' 2""",169 lbs,VCU,"$2,306,400"
LA Clippers,Kawhi Leonard,2,SF,32,"6' 7""",225 lbs,San Diego State,"$45,640,084"
LA Clippers,Terance Mann,14,SG,26,"6' 5""",215 lbs,Florida State,"$10,576,923"
LA Clippers,KJ Martin,NA,F,22,"6' 7""",215 lbs,--,"$1,930,681"
LA Clippers,Kenyon Martin Jr.,NA,F,22,"6' 7""",215 lbs,--,"$1,930,681"
LA Clippers,Jordan Miller,NA,G,23,"6' 7""",195 lbs,Miami,--
LA Clippers,Xavier Moon,15,PG,28,"6' 0""",165 lbs,Morehead State,--
LA Clippers,Marcus Morris Sr.,8,SF,34,"6' 8""",218 lbs,Kansas,"$17,116,279"
LA Clippers,Mason Plumlee,44,C,33,"7' 0""",254 lbs,Duke,"$5,000,000"
LA Clippers,Norman Powell,24,G,30,"6' 3""",215 lbs,UCLA,"$18,000,000"
LA Clippers,Jason Preston,17,PG,24,"6' 3""",181 lbs,Ohio,"$1,836,096"
LA Clippers,Russell Westbrook,0,PG,34,"6' 3""",200 lbs,UCLA,"$3,835,738"
LA Clippers,Ivica Zubac,40,C,26,"7' 0""",240 lbs,--,"$10,933,333"
Los Angeles Lakers,Damion Baugh,NA,G,23,"6' 4""",194 lbs,TCU,--
Los Angeles Lakers,Max Christie,10,G,20,"6' 5""",190 lbs,Michigan State,"$1,719,864"
Los Angeles Lakers,Anthony Davis,3,PF,30,"6' 10""",253 lbs,Kentucky,"$40,600,080"
Los Angeles Lakers,Wenyen Gabriel,35,F,26,"6' 9""",205 lbs,Kentucky,--
Los Angeles Lakers,Rui Hachimura,28,PF,25,"6' 8""",230 lbs,Gonzaga,"$15,740,741"
Los Angeles Lakers,Jaxson Hayes,10,C,23,"7' 0""",220 lbs,Texas,"$2,165,000"
Los Angeles Lakers,Jalen Hood-Schifino,NA,G,20,"6' 6""",215 lbs,Indiana,"$3,695,040"
Los Angeles Lakers,LeBron James,23,SF,38,"6' 9""",250 lbs,--,"$47,607,350"
Los Angeles Lakers,Maxwell Lewis,NA,F,21,"6' 7""",205 lbs,Pepperdine,"$1,119,563"
Los Angeles Lakers,Scotty Pippen Jr.,14,G,22,"6' 1""",185 lbs,Vanderbilt,--
Los Angeles Lakers,Taurean Prince,NA,PF,29,"6' 6""",218 lbs,Baylor,"$7,455,000"
Los Angeles Lakers,Austin Reaves,15,SG,25,"6' 5""",197 lbs,Oklahoma,"$12,015,150"
Los Angeles Lakers,Cam Reddish,NA,SF,24,"6' 8""",217 lbs,Duke,"$2,165,000"
Los Angeles Lakers,D'Angelo Russell,1,PG,27,"6' 4""",193 lbs,Ohio State,"$17,307,693"
Los Angeles Lakers,Vincent Valerio-Bodon,NA,SF,22,"6' 9""",200 lbs,--,--
Los Angeles Lakers,Jarred Vanderbilt,2,PF,24,"6' 8""",214 lbs,Kentucky,"$4,698,000"
Los Angeles Lakers,Gabe Vincent,NA,PG,27,"6' 3""",200 lbs,UC Santa Barbara,"$10,500,000"
Los Angeles Lakers,Christian Wood,NA,F,27,"6' 9""",214 lbs,UNLV,"$2,709,849"
Memphis Grizzlies,Steven Adams,4,C,30,"6' 11""",265 lbs,Pittsburgh,"$12,600,000"
Memphis Grizzlies,Santi Aldama,7,PF,22,"6' 11""",215 lbs,Loyola (MD),"$2,194,200"
Memphis Grizzlies,Desmond Bane,22,SG,25,"6' 5""",215 lbs,TCU,"$3,845,083"
Memphis Grizzlies,Tarik Biberovic,NA,F,22,"6' 7""",218 lbs,--,--
Memphis Grizzlies,Josh Christopher,NA,SG,21,"6' 4""",215 lbs,Arizona State,"$2,485,200"
Memphis Grizzlies,Brandon Clarke,15,PF,27,"6' 8""",215 lbs,Gonzaga,"$12,500,000"
Memphis Grizzlies,Jacob Gilyard,0,G,25,"5' 9""",160 lbs,Richmond,--
Memphis Grizzlies,Gregory Jackson II,NA,F,18,"6' 9""",215 lbs,South Carolina,--
Memphis Grizzlies,Jaren Jackson Jr.,13,PF,24,"6' 11""",242 lbs,Michigan State,"$27,102,202"
Memphis Grizzlies,Luke Kennard,10,SG,27,"6' 5""",206 lbs,Duke,"$15,418,363"
Memphis Grizzlies,John Konchar,46,SG,27,"6' 5""",210 lbs,--,"$2,400,000"
Memphis Grizzlies,Jake LaRavia,3,F,21,"6' 7""",235 lbs,Wake Forest,"$3,199,920"
Memphis Grizzlies,Kenneth Lofton Jr.,6,F,21,"6' 8""",275 lbs,Louisiana Tech,"$1,719,864"
Memphis Grizzlies,Ja Morant,12,PG,24,"6' 3""",174 lbs,Murray State,"$34,005,250"
Memphis Grizzlies,David Roddy,27,F,22,"6' 5""",255 lbs,Colorado State,"$2,718,240"
Memphis Grizzlies,Derrick Rose,NA,PG,34,"6' 3""",200 lbs,Memphis,"$3,196,448"
Memphis Grizzlies,Marcus Smart,NA,PG,29,"6' 4""",220 lbs,Oklahoma State,"$18,833,712"
Memphis Grizzlies,Xavier Tillman,2,F,24,"6' 8""",245 lbs,Michigan State,"$1,930,681"
Memphis Grizzlies,Isaiah Todd,NA,PF,21,"6' 9""",219 lbs,--,"$1,836,096"
Memphis Grizzlies,Ziaire Williams,8,F,22,"6' 9""",185 lbs,Stanford,"$4,810,200"
Memphis Grizzlies,Vince Williams Jr.,5,G,23,"6' 6""",205 lbs,VCU,--
Miami Heat,Bam Adebayo,13,C,26,"6' 9""",255 lbs,Kentucky,"$32,600,060"
Miami Heat,Thomas Bryant,13,C,26,"6' 10""",248 lbs,Indiana,"$2,528,233"
Miami Heat,Jimmy Butler,22,SF,34,"6' 7""",230 lbs,Marquette,"$45,183,960"
Miami Heat,Jamal Cain,8,F,24,"6' 7""",191 lbs,Oakland,--
Miami Heat,Udonis Haslem,40,PF,43,"6' 8""",235 lbs,Florida,--
Miami Heat,Tyler Herro,14,PG,23,"6' 5""",195 lbs,Kentucky,"$27,000,000"
Miami Heat,Haywood Highsmith,24,F,26,"6' 4""",220 lbs,Wheeling Jesuit,"$1,902,137"
Miami Heat,Jaime Jaquez Jr.,NA,G,22,"6' 7""",225 lbs,UCLA,"$3,510,600"
Miami Heat,Nikola Jovic,5,F,20,"6' 10""",205 lbs,--,"$2,352,000"
Miami Heat,Kevin Love,42,PF,35,"6' 8""",251 lbs,UCLA,"$3,835,738"
Miami Heat,Kyle Lowry,7,PG,37,"6' 0""",196 lbs,Villanova,"$29,682,540"
Miami Heat,Caleb Martin,16,SF,27,"6' 5""",205 lbs,Nevada,"$6,802,950"
Miami Heat,Josh Richardson,NA,SG,30,"6' 6""",200 lbs,Tennessee,"$2,891,467"
Miami Heat,Duncan Robinson,55,F,29,"6' 7""",215 lbs,Michigan,"$18,154,000"
Miami Heat,Orlando Robinson,25,C,23,"7' 0""",235 lbs,Fresno State,"$1,801,769"
Miami Heat,Dru Smith,NA,G,25,"6' 3""",203 lbs,Missouri,--
Milwaukee Bucks,Grayson Allen,12,SG,27,"6' 4""",198 lbs,Duke,"$8,925,000"
Milwaukee Bucks,Giannis Antetokounmpo,34,PF,28,"6' 11""",243 lbs,--,"$45,640,084"
Milwaukee Bucks,Thanasis Antetokounmpo,43,SF,31,"6' 7""",219 lbs,--,"$2,019,706"
Milwaukee Bucks,Malik Beasley,5,SG,26,"6' 4""",187 lbs,Florida State,"$2,019,760"
Milwaukee Bucks,MarJon Beauchamp,0,F,22,"6' 7""",202 lbs,--,"$2,609,400"
Milwaukee Bucks,Pat Connaughton,24,SG,30,"6' 5""",209 lbs,Notre Dame,"$9,423,869"
Milwaukee Bucks,Jae Crowder,99,PF,33,"6' 6""",235 lbs,Marquette,"$2,019,760"
Milwaukee Bucks,Goran Dragic,31,PG,37,"6' 3""",190 lbs,--,--
Milwaukee Bucks,AJ Green,20,G,23,"6' 5""",207 lbs,Northern Iowa,"$1,801,769"
Milwaukee Bucks,Jrue Holiday,21,PG,33,"6' 4""",205 lbs,UCLA,"$36,861,707"
Milwaukee Bucks,Andre Jackson Jr.,NA,G,21,"6' 6""",200 lbs,UConn,"$1,119,563"
Milwaukee Bucks,Meyers Leonard,3,C,31,"7' 0""",260 lbs,Illinois,--
Milwaukee Bucks,Chris Livingston,NA,F,19,"6' 6""",220 lbs,Kentucky,"$1,119,563"
Milwaukee Bucks,Brook Lopez,11,C,35,"7' 0""",282 lbs,Stanford,"$25,000,000"
Milwaukee Bucks,Robin Lopez,NA,C,35,"7' 0""",281 lbs,Stanford,--
Milwaukee Bucks,Khris Middleton,22,SF,32,"6' 7""",222 lbs,Texas A&M,"$29,320,988"
Milwaukee Bucks,Bobby Portis,9,F,28,"6' 10""",250 lbs,Arkansas,"$11,710,818"
Milwaukee Bucks,Lindell Wigginton,28,G,25,"6' 1""",189 lbs,Iowa State,--
Minnesota Timberwolves,Nickeil Alexander-Walker,9,SG,25,"6' 5""",205 lbs,Virginia Tech,"$4,687,500"
Minnesota Timberwolves,Kyle Anderson,5,SF,30,"6' 9""",230 lbs,UCLA,"$9,219,512"
Minnesota Timberwolves,Troy Brown Jr.,NA,SF,24,"6' 6""",215 lbs,Oregon,"$4,000,000"
Minnesota Timberwolves,Jaylen Clark,NA,G,21,"6' 5""",205 lbs,UCLA,--
Minnesota Timberwolves,Mike Conley,10,PG,35,"6' 1""",175 lbs,Ohio State,"$24,360,000"
Minnesota Timberwolves,Anthony Edwards,5,SG,22,"6' 4""",225 lbs,Georgia,"$9,219,512"
Minnesota Timberwolves,Luka Garza,55,C,24,"6' 10""",243 lbs,Iowa,--
Minnesota Timberwolves,Rudy Gobert,27,C,31,"7' 1""",258 lbs,--,"$41,000,000"
Minnesota Timberwolves,Vit Krejci,NA,F,23,"6' 7""",195 lbs,--,"$1,836,096"
Minnesota Timberwolves,Jaden McDaniels,3,PF,22,"6' 9""",185 lbs,Washington,"$3,901,399"
Minnesota Timberwolves,Jordan McLaughlin,6,PG,27,"6' 0""",185 lbs,USC,"$2,320,000"
Minnesota Timberwolves,Shake Milton,NA,SG,26,"6' 5""",205 lbs,SMU,"$5,000,000"
Minnesota Timberwolves,Josh Minott,8,F,21,"6' 8""",205 lbs,Memphis,"$1,719,864"
Minnesota Timberwolves,Wendell Moore Jr.,7,G,22,"6' 5""",215 lbs,Duke,"$2,421,720"
Minnesota Timberwolves,Daishen Nix,15,SG,21,"6' 4""",226 lbs,--,"$1,836,096"
Minnesota Timberwolves,Jaylen Nowell,4,SG,24,"6' 4""",201 lbs,Washington,--
Minnesota Timberwolves,Naz Reid,11,C,24,"6' 9""",264 lbs,LSU,"$12,950,400"
Minnesota Timberwolves,Austin Rivers,25,SG,31,"6' 4""",200 lbs,Duke,--
Minnesota Timberwolves,Matt Ryan,37,F,26,"6' 6""",215 lbs,Chattanooga,--
Minnesota Timberwolves,Karl-Anthony Towns,32,C,27,"7' 0""",248 lbs,Kentucky,"$36,016,200"
New Orleans Pelicans,Jose Alvarado,15,PG,25,"6' 0""",179 lbs,Georgia Tech,"$1,836,096"
New Orleans Pelicans,Dyson Daniels,11,G,20,"6' 8""",200 lbs,--,"$5,784,120"
New Orleans Pelicans,Jordan Hawkins,24,G,21,"6' 5""",195 lbs,UConn,"$4,310,160"
New Orleans Pelicans,Willy Hernangomez,9,C,29,"6' 11""",250 lbs,--,"$2,559,942"
New Orleans Pelicans,Brandon Ingram,14,SF,26,"6' 8""",190 lbs,Duke,"$33,833,400"
New Orleans Pelicans,Herbert Jones,5,SF,24,"6' 7""",206 lbs,Alabama,"$12,015,150"
New Orleans Pelicans,Kira Lewis Jr.,13,PG,22,"6' 1""",170 lbs,Alabama,"$5,722,116"
New Orleans Pelicans,E.J. Liddell,32,F,22,"6' 6""",240 lbs,Ohio State,"$1,801,769"
New Orleans Pelicans,Naji Marshall,8,SF,25,"6' 7""",220 lbs,Xavier,"$1,930,681"
New Orleans Pelicans,CJ McCollum,3,SG,32,"6' 3""",190 lbs,Lehigh,"$35,802,469"
New Orleans Pelicans,Trey Murphy III,25,SG,23,"6' 8""",206 lbs,Virginia,"$3,359,280"
New Orleans Pelicans,Larry Nance Jr.,22,PF,30,"6' 8""",245 lbs,Wyoming,"$10,375,000"
New Orleans Pelicans,Dereon Seabron,0,G,23,"6' 5""",183 lbs,NC State,--
New Orleans Pelicans,Jonas Valanciunas,17,C,31,"6' 11""",265 lbs,--,"$15,435,000"
New Orleans Pelicans,Zion Williamson,1,PF,23,"6' 6""",284 lbs,Duke,"$34,005,250"
New Orleans Pelicans,Cody Zeller,44,C,30,"6' 11""",240 lbs,Indiana,"$2,019,706"
New York Knicks,RJ Barrett,9,SG,23,"6' 6""",214 lbs,Duke,"$23,883,929"
New York Knicks,Jalen Brunson,11,PG,27,"6' 1""",190 lbs,Villanova,"$26,346,666"
New York Knicks,Donte DiVincenzo,NA,SG,26,"6' 4""",203 lbs,Villanova,"$10,960,000"
New York Knicks,Evan Fournier,13,SG,30,"6' 6""",205 lbs,--,"$18,857,143"
New York Knicks,Quentin Grimes,6,SG,23,"6' 4""",210 lbs,Houston,"$2,385,720"
New York Knicks,Josh Hart,3,SG,28,"6' 4""",215 lbs,Villanova,"$12,960,000"
New York Knicks,Isaiah Hartenstein,55,C,25,"7' 0""",250 lbs,--,"$9,245,121"
New York Knicks,DaQuan Jeffries,8,SG,26,"6' 5""",225 lbs,Western Texas Coll. (J.C.),"$2,065,585"
New York Knicks,Trevor Keels,3,G,20,"6' 4""",221 lbs,Duke,--
New York Knicks,Nathan Knight,NA,F,26,"6' 8""",253 lbs,William & Mary,--
New York Knicks,Jaylen Martin,NA,G,19,"6' 6""",196 lbs,--,--
New York Knicks,Miles McBride,2,PG,23,"6' 2""",195 lbs,West Virginia,"$1,836,096"
New York Knicks,Immanuel Quickley,5,SG,24,"6' 3""",190 lbs,Kentucky,"$4,171,548"
New York Knicks,Julius Randle,30,PF,28,"6' 8""",250 lbs,Kentucky,"$28,226,880"
New York Knicks,Mitchell Robinson,23,C,25,"7' 0""",240 lbs,--,"$15,681,818"
New York Knicks,Isaiah Roby,18,F,25,"6' 8""",230 lbs,Nebraska,"$2,066,585"
New York Knicks,Jericho Sims,45,C,24,"6' 9""",250 lbs,Texas,"$1,927,896"
New York Knicks,Duane Washington Jr.,4,PG,23,"6' 2""",197 lbs,Ohio State,--
New York Knicks,Dylan Windler,NA,SG,26,"6' 7""",196 lbs,Belmont,--
Oklahoma City Thunder,Davis Bertans,NA,SF,30,"6' 10""",225 lbs,--,"$17,000,000"
Oklahoma City Thunder,Ousmane Dieng,13,F,20,"6' 10""",220 lbs,--,"$4,798,440"
Oklahoma City Thunder,Luguentz Dort,5,G,24,"6' 4""",220 lbs,Arizona State,"$15,277,778"
Oklahoma City Thunder,Josh Giddey,3,SG,20,"6' 8""",216 lbs,--,"$6,587,040"
Oklahoma City Thunder,Shai Gilgeous-Alexander,2,PG,25,"6' 6""",195 lbs,Kentucky,"$33,386,850"
Oklahoma City Thunder,Chet Holmgren,7,PF,21,"7' 1""",208 lbs,Gonzaga,"$10,386,000"
Oklahoma City Thunder,Isaiah Joe,11,SG,24,"6' 3""",165 lbs,Arkansas,"$1,997,238"
Oklahoma City Thunder,Keyontae Johnson,18,F,23,"6' 6""",235 lbs,Kansas State,--
Oklahoma City Thunder,Tre Mann,23,PG,22,"6' 3""",184 lbs,Florida,"$3,191,280"
Oklahoma City Thunder,Vasilije Micic,98,G,29,"6' 5""",203 lbs,--,"$7,723,000"
Oklahoma City Thunder,Victor Oladipo,4,SG,31,"6' 4""",213 lbs,Indiana,"$9,450,000"
Oklahoma City Thunder,Aleksej Pokusevski,17,F,21,"7' 0""",190 lbs,--,"$5,009,633"
Oklahoma City Thunder,Jeremiah Robinson-Earl,50,PF,22,"6' 9""",240 lbs,Villanova,"$1,900,000"
Oklahoma City Thunder,Olivier Sarr,30,C,24,"7' 0""",240 lbs,Kentucky,--
Oklahoma City Thunder,Cason Wallace,22,G,19,"6' 4""",193 lbs,Kentucky,"$5,291,000"
Oklahoma City Thunder,TyTy Washington Jr.,NA,G,21,"6' 3""",195 lbs,Kentucky,"$2,320,440"
Oklahoma City Thunder,Lindy Waters III,12,F,26,"6' 6""",210 lbs,Oklahoma State,"$1,927,986"
Oklahoma City Thunder,Jack White,NA,F,26,"6' 7""",225 lbs,Duke,"$1,801,769"
Oklahoma City Thunder,Aaron Wiggins,21,SG,24,"6' 5""",190 lbs,Maryland,"$1,836,096"
Oklahoma City Thunder,Jalen Williams,8,F,22,"6' 6""",218 lbs,Santa Clara,"$4,558,680"
Oklahoma City Thunder,Jaylin Williams,6,F,21,"6' 10""",245 lbs,Arkansas,"$2,000,000"
Oklahoma City Thunder,Kenrich Williams,34,SF,28,"6' 6""",210 lbs,TCU,"$6,175,000"
Oklahoma City Thunder,KJ Williams,12,F,24,"6' 10""",250 lbs,LSU,--
Orlando Magic,Cole Anthony,50,PG,23,"6' 3""",185 lbs,North Carolina,"$5,539,771"
Orlando Magic,Paolo Banchero,5,PF,20,"6' 10""",250 lbs,Duke,"$11,608,080"
Orlando Magic,Goga Bitadze,88,C,24,"6' 11""",250 lbs,--,"$2,062,585"
Orlando Magic,Anthony Black,NA,G,19,"6' 7""",200 lbs,Arkansas,"$7,245,480"
Orlando Magic,Wendell Carter Jr.,34,C,24,"6' 10""",270 lbs,Duke,"$13,050,000"
Orlando Magic,Michael Carter-Williams,11,G,31,"6' 5""",190 lbs,Syracuse,--
Orlando Magic,Markelle Fultz,20,PG,25,"6' 4""",209 lbs,Washington,"$17,000,000"
Orlando Magic,Gary Harris,14,SG,29,"6' 4""",210 lbs,Michigan State,"$13,000,000"
Orlando Magic,Kevon Harris,7,G,26,"6' 6""",220 lbs,Stephen F. Austin,--
Orlando Magic,Caleb Houstan,2,G,20,"6' 8""",210 lbs,Michigan,"$2,000,000"
Orlando Magic,Jett Howard,NA,G,20,"6' 8""",215 lbs,Michigan,"$5,026,800"
Orlando Magic,Joe Ingles,NA,SG,35,"6' 8""",220 lbs,--,"$11,000,000"
Orlando Magic,Jonathan Isaac,1,PF,25,"6' 10""",230 lbs,Florida State,"$17,400,000"
Orlando Magic,Mac McClung,9,SG,24,"6' 2""",185 lbs,Texas Tech,--
Orlando Magic,Chuma Okeke,3,PF,25,"6' 8""",229 lbs,Auburn,"$5,266,713"
Orlando Magic,Miye Oni,NA,SG,26,"6' 5""",206 lbs,Yale,--
Orlando Magic,Trevelin Queen,12,SG,26,"6' 6""",190 lbs,New Mexico State,--
Orlando Magic,Admiral Schofield,25,SF,26,"6' 5""",241 lbs,Tennessee,--
Orlando Magic,Jalen Suggs,4,SG,22,"6' 5""",205 lbs,Gonzaga,"$7,252,080"
Orlando Magic,Franz Wagner,22,SF,22,"6' 10""",220 lbs,Michigan,"$5,508,720"
Orlando Magic,Moritz Wagner,21,C,26,"6' 11""",245 lbs,Michigan,"$8,000,000"
Orlando Magic,Brandon Williams,11,G,23,"6' 2""",190 lbs,Arizona,--
Philadelphia 76ers,Marcus Bagley,38,F,21,"6' 8""",215 lbs,Arizona State,--
Philadelphia 76ers,Mo Bamba,NA,C,25,"7' 0""",231 lbs,Texas,"$2,019,706"
Philadelphia 76ers,Patrick Beverley,21,PG,35,"6' 2""",180 lbs,Arkansas,"$2,019,706"
Philadelphia 76ers,Ricky Council IV,37,G,22,"6' 6""",205 lbs,Arkansas,--
Philadelphia 76ers,Dewayne Dedmon,14,C,34,"6' 10""",245 lbs,USC,--
Philadelphia 76ers,David Duke Jr.,NA,G,23,"6' 4""",207 lbs,Providence,--
Philadelphia 76ers,Joel Embiid,21,C,29,"7' 0""",280 lbs,Kansas,"$46,900,000"
Philadelphia 76ers,Danny Green,NA,F,36,"6' 6""",215 lbs,North Carolina,--
Philadelphia 76ers,James Harden,1,SG,34,"6' 5""",220 lbs,Arizona State,"$35,640,000"
Philadelphia 76ers,Montrezl Harrell,5,C,29,"6' 7""",240 lbs,Louisville,"$2,019,760"
Philadelphia 76ers,Tobias Harris,12,PF,31,"6' 7""",226 lbs,Tennessee,"$39,270,150"
Philadelphia 76ers,Danuel House Jr.,25,SF,30,"6' 6""",220 lbs,Texas A&M,"$4,310,250"
Philadelphia 76ers,Louis King,23,SF,24,"6' 7""",205 lbs,Oregon,--
Philadelphia 76ers,Furkan Korkmaz,30,SG,26,"6' 7""",202 lbs,--,"$5,370,370"
Philadelphia 76ers,Tyrese Maxey,0,PG,22,"6' 2""",200 lbs,Kentucky,"$4,343,920"
Philadelphia 76ers,De'Anthony Melton,8,SG,25,"6' 2""",200 lbs,USC,"$8,000,000"
Philadelphia 76ers,Filip Petrusev,NA,PF,23,"6' 11""",234 lbs,Gonzaga,"$1,119,563"
Philadelphia 76ers,Paul Reed,44,SF,24,"6' 9""",210 lbs,DePaul,"$7,723,000"
Philadelphia 76ers,Terquavion Smith,26,G,20,"6' 4""",165 lbs,NC State,--
Philadelphia 76ers,Jaden Springer,11,G,20,"6' 4""",205 lbs,Tennessee,"$2,226,240"
Philadelphia 76ers,Azuolas Tubelis,29,F,21,"6' 11""",245 lbs,Arizona,--
Philadelphia 76ers,P.J. Tucker,17,PF,38,"6' 5""",245 lbs,Texas,"$11,014,500"
Phoenix Suns,Deandre Ayton,22,C,25,"7' 0""",250 lbs,Arizona,"$32,459,438"
Phoenix Suns,Udoka Azubuike,NA,C,24,"6' 10""",280 lbs,Kansas,--
Phoenix Suns,Keita Bates-Diop,NA,SF,27,"6' 8""",229 lbs,Ohio State,"$2,364,614"
Phoenix Suns,Bradley Beal,NA,SG,30,"6' 4""",207 lbs,Florida,"$46,741,590"
Phoenix Suns,Bismack Biyombo,18,C,31,"6' 8""",255 lbs,--,--
Phoenix Suns,Bol Bol,NA,C,23,"7' 2""",220 lbs,Oregon,"$2,019,706"
Phoenix Suns,Devin Booker,1,SG,26,"6' 5""",206 lbs,Kentucky,"$36,016,200"
Phoenix Suns,Toumani Camara,NA,F,23,"6' 8""",220 lbs,Dayton,"$1,119,563"
Phoenix Suns,Kevin Durant,35,PF,34,"6' 10""",240 lbs,Texas,"$47,649,433"
Phoenix Suns,Drew Eubanks,NA,PF,26,"6' 10""",245 lbs,Oregon State,"$2,346,614"
Phoenix Suns,Jordan Goodwin,NA,G,24,"6' 3""",200 lbs,Saint Louis,"$1,927,896"
Phoenix Suns,Damion Lee,10,SG,30,"6' 5""",210 lbs,Louisville,"$2,528,233"
Phoenix Suns,Saben Lee,38,G,24,"6' 2""",183 lbs,Vanderbilt,--
Phoenix Suns,Chimezie Metu,7,PF,26,"6' 9""",225 lbs,USC,"$2,019,706"
Phoenix Suns,Josh Okogie,2,SF,25,"6' 4""",213 lbs,Georgia Tech,"$2,815,937"
Phoenix Suns,Terrence Ross,8,G,32,"6' 7""",206 lbs,Washington,--
Phoenix Suns,Ish Wainright,12,F,29,"6' 5""",250 lbs,Baylor,"$1,927,896"
Phoenix Suns,T.J. Warren,21,SF,30,"6' 8""",220 lbs,NC State,--
Phoenix Suns,Yuta Watanabe,NA,SF,28,"6' 8""",215 lbs,George Washington,"$2,346,614"
Portland Trail Blazers,Ibou Badji,41,C,20,"7' 1""",240 lbs,--,--
Portland Trail Blazers,Moses Brown,NA,C,23,"7' 2""",245 lbs,UCLA,--
Portland Trail Blazers,John Butler Jr.,21,F,20,"7' 0""",190 lbs,Florida State,--
Portland Trail Blazers,Jerami Grant,9,SF,29,"6' 8""",210 lbs,Syracuse,"$27,586,207"
Portland Trail Blazers,Scoot Henderson,0,G,19,"6' 2""",196 lbs,--,"$9,770,880"
Portland Trail Blazers,Keon Johnson,6,SG,21,"6' 3""",185 lbs,Tennessee,"$2,808,720"
Portland Trail Blazers,Kevin Knox II,11,SF,24,"6' 7""",215 lbs,Kentucky,--
Portland Trail Blazers,Damian Lillard,0,PG,33,"6' 2""",195 lbs,Weber State,"$45,640,084"
Portland Trail Blazers,Nassir Little,10,SF,23,"6' 5""",220 lbs,North Carolina,"$6,250,000"
Portland Trail Blazers,Skylar Mays,8,SG,26,"6' 4""",205 lbs,LSU,--
Portland Trail Blazers,Justin Minaya,15,F,24,"6' 7""",210 lbs,Providence,--
Portland Trail Blazers,Kris Murray,8,F,23,"6' 8""",215 lbs,Iowa,"$2,847,480"
Portland Trail Blazers,Jusuf Nurkic,27,C,29,"7' 0""",290 lbs,--,"$16,875,000"
Portland Trail Blazers,Shaedon Sharpe,17,SG,20,"6' 5""",200 lbs,Kentucky,"$6,313,800"
Portland Trail Blazers,Anfernee Simons,1,SG,24,"6' 3""",181 lbs,--,"$24,107,143"
Portland Trail Blazers,Matisse Thybulle,4,SG,26,"6' 5""",201 lbs,Washington,"$10,500,000"
Portland Trail Blazers,Jabari Walker,34,F,21,"6' 7""",200 lbs,Colorado,"$1,719,864"
Portland Trail Blazers,Jeenathan Williams,49,G,24,"6' 5""",205 lbs,Buffalo,"$1,719,864"
Portland Trail Blazers,Justise Winslow,26,PF,27,"6' 6""",222 lbs,Duke,--
Sacramento Kings,Harrison Barnes,40,SF,31,"6' 8""",225 lbs,North Carolina,"$17,000,000"
Sacramento Kings,Terence Davis,3,SG,26,"6' 4""",201 lbs,Ole Miss,--
Sacramento Kings,Matthew Dellavedova,8,PG,33,"6' 3""",200 lbs,Saint Mary's,--
Sacramento Kings,Chris Duarte,NA,SG,26,"6' 5""",190 lbs,Oregon,"$4,124,400"
Sacramento Kings,Kessler Edwards,17,SF,23,"6' 8""",215 lbs,Pepperdine,"$1,927,896"
Sacramento Kings,Keon Ellis,23,G,23,"6' 5""",175 lbs,Alabama,--
Sacramento Kings,Jordan Ford,1,G,25,"6' 1""",175 lbs,Saint Mary's,--
Sacramento Kings,De'Aaron Fox,5,PG,25,"6' 3""",185 lbs,Kentucky,"$32,600,060"
Sacramento Kings,Kevin Huerter,9,SG,25,"6' 7""",198 lbs,Maryland,"$15,669,643"
Sacramento Kings,Colby Jones,NA,G,21,"6' 6""",205 lbs,Xavier,"$2,019,706"
Sacramento Kings,Alex Len,25,C,30,"7' 1""",250 lbs,Maryland,"$2,019,760"
Sacramento Kings,Trey Lyles,41,PF,27,"6' 9""",234 lbs,Kentucky,"$8,000,000"
Sacramento Kings,JaVale McGee,00,C,35,"7' 0""",270 lbs,Nevada,"$5,734,280"
Sacramento Kings,Davion Mitchell,15,PG,25,"6' 0""",202 lbs,Baylor,"$5,063,760"
Sacramento Kings,Malik Monk,0,SG,25,"6' 3""",200 lbs,Kentucky,"$9,945,830"
Sacramento Kings,Keegan Murray,13,SF,23,"6' 8""",215 lbs,Iowa,"$8,409,000"
Sacramento Kings,Domantas Sabonis,10,PF,27,"7' 0""",240 lbs,Gonzaga,"$30,600,000"
Sacramento Kings,Jalen Slawson,NA,F,23,"6' 7""",218 lbs,Furman,--
Sacramento Kings,Sasha Vezenkov,NA,F,28,"6' 9""",225 lbs,--,"$6,341,464"
San Antonio Spurs,Dominick Barlow,26,F,20,"6' 10""",220 lbs,--,--
San Antonio Spurs,Charles Bassey,28,C,22,"6' 9""",230 lbs,Western Kentucky,"$2,600,000"
San Antonio Spurs,Khem Birch,99,C,30,"6' 8""",233 lbs,UNLV,"$6,985,000"
San Antonio Spurs,Malaki Branham,22,G,20,"6' 4""",180 lbs,Ohio State,"$3,071,880"
San Antonio Spurs,Reggie Bullock,25,SF,32,"6' 6""",205 lbs,North Carolina,"$11,014,080"
San Antonio Spurs,Julian Champagnie,30,F,22,"6' 9""",210 lbs,St. John's,"$3,000,000"
San Antonio Spurs,Sidy Cissoko,NA,G,19,"6' 7""",225 lbs,--,"$1,119,563"
San Antonio Spurs,Zach Collins,23,PF,25,"6' 11""",250 lbs,Gonzaga,"$7,700,000"
San Antonio Spurs,Gorgui Dieng,41,C,33,"6' 10""",265 lbs,Louisville,--
San Antonio Spurs,Devonte' Graham,4,PG,28,"6' 1""",195 lbs,Kansas,"$12,100,000"
San Antonio Spurs,Keldon Johnson,3,SF,23,"6' 5""",220 lbs,Kentucky,"$20,000,000"
San Antonio Spurs,Tre Jones,33,PG,23,"6' 1""",185 lbs,Duke,"$9,895,833"
San Antonio Spurs,Romeo Langford,35,SG,23,"6' 5""",216 lbs,Indiana,--
San Antonio Spurs,Sandro Mamukelashvili,54,PF,24,"6' 10""",240 lbs,Seton Hall,"$2,019,760"
San Antonio Spurs,Doug McDermott,17,SF,31,"6' 6""",225 lbs,Creighton,"$13,750,000"
San Antonio Spurs,Cedi Osman,16,SF,28,"6' 7""",230 lbs,--,"$6,718,842"
San Antonio Spurs,Jeremy Sochan,10,F,20,"6' 8""",230 lbs,Baylor,"$5,316,960"
San Antonio Spurs,Devin Vassell,24,SG,23,"6' 5""",200 lbs,Florida State,"$5,887,899"
San Antonio Spurs,Victor Wembanyama,NA,C,19,"7' 3""",225 lbs,--,"$12,160,680"
San Antonio Spurs,Blake Wesley,14,G,20,"6' 4""",190 lbs,Notre Dame,"$2,504,640"
Toronto Raptors,Precious Achiuwa,5,PF,24,"6' 8""",225 lbs,Memphis,"$4,379,527"
Toronto Raptors,O.G. Anunoby,3,SF,26,"6' 7""",232 lbs,Indiana,"$18,642,857"
Toronto Raptors,Scottie Barnes,4,SF,22,"6' 8""",225 lbs,Florida State,"$8,008,560"
Toronto Raptors,Will Barton,1,G,32,"6' 5""",181 lbs,Memphis,--
Toronto Raptors,Chris Boucher,25,PF,30,"6' 9""",200 lbs,Oregon,"$11,750,000"
Toronto Raptors,Gradey Dick,NA,G,19,"6' 8""",205 lbs,Kansas,"$4,536,720"
Toronto Raptors,Jeff Dowtin Jr.,20,PG,26,"6' 3""",177 lbs,Rhode Island,"$2,109,706"
Toronto Raptors,Malachi Flynn,22,PG,25,"6' 1""",175 lbs,San Diego State,"$3,873,025"
Toronto Raptors,Ron Harper Jr.,8,F,23,"6' 5""",245 lbs,Rutgers,--
Toronto Raptors,Christian Koloko,35,C,23,"7' 0""",230 lbs,Arizona,"$1,719,864"
Toronto Raptors,Jalen McDaniels,7,PF,25,"6' 9""",205 lbs,San Diego State,"$4,516,000"
Toronto Raptors,Markquis Nowell,NA,G,23,"5' 8""",160 lbs,Kansas State,--
Toronto Raptors,Jakob Poeltl,19,C,27,"7' 1""",245 lbs,Utah,"$19,500,000"
Toronto Raptors,Otto Porter Jr.,32,SF,30,"6' 8""",198 lbs,Georgetown,"$6,300,000"
Toronto Raptors,Dennis Schroder,NA,PG,30,"6' 1""",172 lbs,--,"$12,405,000"
Toronto Raptors,Pascal Siakam,43,PF,29,"6' 8""",230 lbs,New Mexico State,"$37,893,408"
Toronto Raptors,Gary Trent Jr.,33,SG,24,"6' 5""",209 lbs,Duke,"$18,560,000"
Toronto Raptors,Thaddeus Young,21,PF,35,"6' 8""",235 lbs,Georgia Tech,"$8,000,000"
Utah Jazz,Ochai Agbaji,30,G,23,"6' 5""",215 lbs,Kansas,"$4,114,200"
Utah Jazz,Jarrell Brantley,5,PF,27,"6' 5""",250 lbs,Charleston,--
Utah Jazz,Jordan Clarkson,00,PG,31,"6' 5""",194 lbs,Missouri,"$23,487,629"
Utah Jazz,John Collins,20,PF,25,"6' 9""",226 lbs,Wake Forest,"$25,340,000"
Utah Jazz,Kris Dunn,11,G,29,"6' 3""",205 lbs,Providence,"$2,586,665"
Utah Jazz,Simone Fontecchio,16,F,27,"6' 7""",209 lbs,--,"$3,044,872"
Utah Jazz,Keyonte George,NA,G,19,"6' 4""",185 lbs,Baylor,"$3,889,800"
Utah Jazz,Taylor Hendricks,NA,F,19,"6' 9""",210 lbs,UCF,"$5,569,920"
Utah Jazz,Talen Horton-Tucker,0,SG,22,"6' 4""",234 lbs,Iowa State,"$11,020,000"
Utah Jazz,Johnny Juzang,33,G,22,"6' 7""",215 lbs,UCLA,--
Utah Jazz,Walker Kessler,24,C,22,"7' 0""",245 lbs,Auburn,"$2,831,160"
Utah Jazz,Lauri Markkanen,23,PF,26,"7' 0""",240 lbs,Arizona,"$17,259,999"
Utah Jazz,Kelly Olynyk,41,PF,32,"6' 11""",240 lbs,Gonzaga,"$12,195,122"
Utah Jazz,Luka Samanic,91,F,23,"6' 10""",227 lbs,--,"$2,066,585"
Utah Jazz,Brice Sensabaugh,NA,F,19,"6' 6""",235 lbs,Ohio State,"$2,448,600"
Utah Jazz,Collin Sexton,2,PG,24,"6' 2""",190 lbs,Alabama,"$17,325,000"
Utah Jazz,Juan Toscano-Anderson,95,SF,30,"6' 6""",209 lbs,Marquette,--
Utah Jazz,Omer Yurtseven,77,C,25,"6' 11""",275 lbs,Georgetown,"$2,800,000"
Toronto Raptors,Precious Achiuwa,5,PF,24,"6' 8""",225 lbs,Memphis,"$4,379,527"
Toronto Raptors,O.G. Anunoby,3,SF,26,"6' 7""",232 lbs,Indiana,"$18,642,857"
Toronto Raptors,Scottie Barnes,4,SF,22,"6' 8""",225 lbs,Florida State,"$8,008,560"
Toronto Raptors,Will Barton,1,G,32,"6' 5""",181 lbs,Memphis,--
Toronto Raptors,Chris Boucher,25,PF,30,"6' 9""",200 lbs,Oregon,"$11,750,000"
Toronto Raptors,Gradey Dick,NA,G,19,"6' 8""",205 lbs,Kansas,"$4,536,720"
Toronto Raptors,Jeff Dowtin Jr.,20,PG,26,"6' 3""",177 lbs,Rhode Island,"$2,109,706"
Toronto Raptors,Malachi Flynn,22,PG,25,"6' 1""",175 lbs,San Diego State,"$3,873,025"
Toronto Raptors,Ron Harper Jr.,8,F,23,"6' 5""",245 lbs,Rutgers,--
Toronto Raptors,Christian Koloko,35,C,23,"7' 0""",230 lbs,Arizona,"$1,719,864"
Toronto Raptors,Jalen McDaniels,7,PF,25,"6' 9""",205 lbs,San Diego State,"$4,516,000"
Toronto Raptors,Markquis Nowell,NA,G,23,"5' 8""",160 lbs,Kansas State,--
Toronto Raptors,Jakob Poeltl,19,C,27,"7' 1""",245 lbs,Utah,"$19,500,000"
Toronto Raptors,Otto Porter Jr.,32,SF,30,"6' 8""",198 lbs,Georgetown,"$6,300,000"
Toronto Raptors,Dennis Schroder,NA,PG,30,"6' 1""",172 lbs,--,"$12,405,000"
Toronto Raptors,Pascal Siakam,43,PF,29,"6' 8""",230 lbs,New Mexico State,"$37,893,408"
Toronto Raptors,Gary Trent Jr.,33,SG,24,"6' 5""",209 lbs,Duke,"$18,560,000"
Toronto Raptors,Thaddeus Young,21,PF,35,"6' 8""",235 lbs,Georgia Tech,"$8,000,000"
Washington Wizards,Deni Avdija,9,SF,22,"6' 9""",210 lbs,--,"$6,263,188"
Washington Wizards,Patrick Baldwin Jr.,7,F,20,"6' 9""",220 lbs,Milwaukee,"$2,337,720"
Washington Wizards,Jared Butler,NA,SG,23,"6' 3""",193 lbs,Baylor,--
Washington Wizards,Xavier Cooks,12,G,28,"6' 8""",185 lbs,Winthrop,"$1,719,864"
Washington Wizards,Bilal Coulibaly,NA,SG,19,"6' 6""",195 lbs,--,"$6,614,280"
Washington Wizards,Johnny Davis,1,G,21,"6' 4""",195 lbs,Wisconsin,"$5,050,800"
Washington Wizards,Daniel Gafford,21,C,24,"6' 10""",234 lbs,Arkansas,"$12,402,000"
Washington Wizards,Danilo Gallinari,NA,PF,35,"6' 10""",236 lbs,--,"$6,802,950"
Washington Wizards,Taj Gibson,67,F,38,"6' 9""",232 lbs,USC,--
Washington Wizards,Anthony Gill,16,PF,30,"6' 8""",230 lbs,Virginia,"$1,997,239"
Washington Wizards,Tyus Jones,NA,PG,27,"6' 0""",196 lbs,Duke,"$14,000,000"
Washington Wizards,Corey Kispert,24,SF,24,"6' 6""",224 lbs,Gonzaga,"$3,722,040"
Washington Wizards,Kyle Kuzma,33,SF,28,"6' 9""",221 lbs,Utah,"$25,568,182"
Washington Wizards,Mike Muscala,NA,C,32,"6' 11""",240 lbs,Bucknell,"$3,500,000"
Washington Wizards,Kendrick Nunn,20,G,28,"6' 3""",190 lbs,Oakland,--
Washington Wizards,Eugene Omoruyi,NA,F,26,"6' 6""",235 lbs,Oregon,"$1,927,896"
Washington Wizards,Jordan Poole,3,SG,24,"6' 4""",194 lbs,Michigan,"$27,955,357"
Washington Wizards,Ryan Rollins,2,G,21,"6' 3""",180 lbs,Toledo,"$1,719,864"
Washington Wizards,Landry Shamet,NA,SG,26,"6' 4""",190 lbs,Wichita State,"$10,250,000"
Washington Wizards,Tristan Vukcevic,NA,PF,20,"7' 0""",225 lbs,--,--
Washington Wizards,Delon Wright,55,SG,31,"6' 5""",185 lbs,Utah,"$8,195,122"
